{"v":"5.7.6","fr":30,"ip":0,"op":120,"w":1920,"h":1920,"nm":"main","ddd":0,"assets":[{"id":"comp_0","layers":[{"ddd":0,"ind":1,"ty":4,"nm":"smoke 003","sr":1,"ks":{"o":{"a":1,"k":[{"i":{"x":[0.56],"y":[1]},"o":{"x":[0.252],"y":[0.587]},"t":0,"s":[79.889]},{"i":{"x":[0.491],"y":[1]},"o":{"x":[0.512],"y":[0]},"t":10,"s":[100]},{"i":{"x":[0.667],"y":[1]},"o":{"x":[0.167],"y":[0]},"t":39,"s":[0]},{"i":{"x":[0.833],"y":[0.805]},"o":{"x":[0.167],"y":[0]},"t":40.056,"s":[0]},{"t":60,"s":[79.889]}],"ix":11},"r":{"a":0,"k":0,"ix":10},"p":{"a":1,"k":[{"i":{"x":0.484,"y":1},"o":{"x":0.312,"y":0.374},"t":0,"s":[1521,1242.072,0],"to":[0,-82.442,0],"ti":[0,0,0]},{"i":{"x":0.667,"y":1},"o":{"x":0.167,"y":0},"t":39,"s":[1521,1029.25,0],"to":[0,0,0],"ti":[0,-35.47,0]},{"i":{"x":0.833,"y":0.722},"o":{"x":0.167,"y":0},"t":40.056,"s":[1521,1300.25,0],"to":[0,35.47,0],"ti":[0,26.06,0]},{"t":60,"s":[1521,1242.072,0]}],"ix":2,"l":2},"a":{"a":0,"k":[282.197,163.796,0],"ix":1,"l":2},"s":{"a":1,"k":[{"i":{"x":[0.667,0.667,0.667],"y":[1,1,1]},"o":{"x":[0.333,0.333,0.333],"y":[0,0.571,0]},"t":0,"s":[569.461,382.091,100]},{"i":{"x":[0.667,0.667,0.667],"y":[1,1,1]},"o":{"x":[0.333,0.333,0.333],"y":[0,0,0]},"t":10,"s":[569.461,448.461,100]},{"i":{"x":[0.667,0.667,0.667],"y":[1,1,1]},"o":{"x":[0.167,0.167,0.167],"y":[0,0,0]},"t":39,"s":[569.461,192.461,100]},{"i":{"x":[0.833,0.833,0.833],"y":[1,1,1]},"o":{"x":[0.167,0.167,0.167],"y":[0,0,0]},"t":40.056,"s":[569.461,192.461,100]},{"t":60,"s":[569.461,382.091,100]}],"ix":6,"l":2}},"ao":0,"shapes":[{"ty":"gr","it":[{"ind":0,"ty":"sh","ix":1,"ks":{"a":0,"k":{"i":[[0,0.935],[0,0],[-0.935,0],[0,0],[0,-0.935],[0,0],[0.935,0],[0,0]],"o":[[0,0],[0,-0.935],[0,0],[0.935,0],[0,0],[0,0.935],[0,0],[-0.935,0]],"v":[[-1.7,5.2],[-1.7,-5.2],[0,-6.9],[0,-6.9],[1.7,-5.2],[1.7,5.2],[0,6.9],[0,6.9]],"c":true},"ix":2},"nm":"Path 1","mn":"ADBE Vector Shape - Group","hd":false},{"ty":"fl","c":{"a":0,"k":[0.909799972235,0.917599966012,0.964699958352,1],"ix":4},"o":{"a":0,"k":100,"ix":5},"r":1,"bm":0,"nm":"Fill 1","mn":"ADBE Vector Graphic - Fill","hd":false},{"ty":"tr","p":{"a":0,"k":[282.227,163.82],"ix":2},"a":{"a":0,"k":[0,0],"ix":1},"s":{"a":0,"k":[100,100],"ix":3},"r":{"a":0,"k":0,"ix":6},"o":{"a":0,"k":100,"ix":7},"sk":{"a":0,"k":0,"ix":4},"sa":{"a":0,"k":0,"ix":5},"nm":"Transform"}],"nm":"Group 1","np":2,"cix":2,"bm":0,"ix":1,"mn":"ADBE Vector Group","hd":false}],"ip":0,"op":60,"st":0,"bm":0},{"ddd":0,"ind":2,"ty":4,"nm":"smoke 002","sr":1,"ks":{"o":{"a":1,"k":[{"i":{"x":[0.455],"y":[1]},"o":{"x":[0.167],"y":[0.202]},"t":0,"s":[78.513]},{"i":{"x":[0.833],"y":[1]},"o":{"x":[0.167],"y":[0]},"t":19,"s":[0]},{"i":{"x":[0.491],"y":[1]},"o":{"x":[0.512],"y":[0]},"t":20,"s":[0]},{"i":{"x":[0.75],"y":[0.416]},"o":{"x":[0.444],"y":[0]},"t":50,"s":[100]},{"t":60,"s":[78.513]}],"ix":11},"r":{"a":0,"k":0,"ix":10},"p":{"a":1,"k":[{"i":{"x":0.574,"y":1},"o":{"x":0.167,"y":0.375},"t":0,"s":[1571,1081.758,0],"to":[0,-31.032,0],"ti":[0,0,0]},{"i":{"x":0.833,"y":1},"o":{"x":0.167,"y":0},"t":19,"s":[1571,1029.25,0],"to":[0,0,0],"ti":[0,45.167,0]},{"i":{"x":0.683,"y":0.639},"o":{"x":0.518,"y":0},"t":20,"s":[1571,1300.25,0],"to":[0,-31.238,0],"ti":[0,69.596,0]},{"t":60,"s":[1571,1081.758,0]}],"ix":2,"l":2},"a":{"a":0,"k":[282.197,163.796,0],"ix":1,"l":2},"s":{"a":1,"k":[{"i":{"x":[0.667,0.667,0.667],"y":[1,1,1]},"o":{"x":[0.167,0.167,0.167],"y":[0,0,0]},"t":0,"s":[569.461,378.134,100]},{"i":{"x":[0.833,0.833,0.833],"y":[1,1,1]},"o":{"x":[0.167,0.167,0.167],"y":[0,0,0]},"t":19,"s":[569.461,192.461,100]},{"i":{"x":[0.667,0.667,0.667],"y":[1,1,1]},"o":{"x":[0.333,0.333,0.333],"y":[0,0,0]},"t":20,"s":[569.461,192.461,100]},{"i":{"x":[0.667,0.667,0.667],"y":[1,0.433,1]},"o":{"x":[0.333,0.333,0.333],"y":[0,0,0]},"t":50,"s":[569.461,448.461,100]},{"t":60,"s":[569.461,378.134,100]}],"ix":6,"l":2}},"ao":0,"shapes":[{"ty":"gr","it":[{"ind":0,"ty":"sh","ix":1,"ks":{"a":0,"k":{"i":[[0,0.935],[0,0],[-0.935,0],[0,0],[0,-0.935],[0,0],[0.935,0],[0,0]],"o":[[0,0],[0,-0.935],[0,0],[0.935,0],[0,0],[0,0.935],[0,0],[-0.935,0]],"v":[[-1.7,5.2],[-1.7,-5.2],[0,-6.9],[0,-6.9],[1.7,-5.2],[1.7,5.2],[0,6.9],[0,6.9]],"c":true},"ix":2},"nm":"Path 1","mn":"ADBE Vector Shape - Group","hd":false},{"ty":"fl","c":{"a":0,"k":[0.909799972235,0.917599966012,0.964699958352,1],"ix":4},"o":{"a":0,"k":100,"ix":5},"r":1,"bm":0,"nm":"Fill 1","mn":"ADBE Vector Graphic - Fill","hd":false},{"ty":"tr","p":{"a":0,"k":[282.227,163.82],"ix":2},"a":{"a":0,"k":[0,0],"ix":1},"s":{"a":0,"k":[100,100],"ix":3},"r":{"a":0,"k":0,"ix":6},"o":{"a":0,"k":100,"ix":7},"sk":{"a":0,"k":0,"ix":4},"sa":{"a":0,"k":0,"ix":5},"nm":"Transform"}],"nm":"Group 1","np":2,"cix":2,"bm":0,"ix":1,"mn":"ADBE Vector Group","hd":false}],"ip":0,"op":60,"st":0,"bm":0},{"ddd":0,"ind":3,"ty":4,"nm":"smoke 001","sr":1,"ks":{"o":{"a":1,"k":[{"i":{"x":[0.491],"y":[1]},"o":{"x":[0.512],"y":[0]},"t":0,"s":[0]},{"i":{"x":[0.491],"y":[1]},"o":{"x":[0.512],"y":[0]},"t":30,"s":[100]},{"i":{"x":[0.667],"y":[1]},"o":{"x":[0.167],"y":[0]},"t":59,"s":[0]},{"t":60.0556640625,"s":[0]}],"ix":11},"r":{"a":0,"k":0,"ix":10},"p":{"a":1,"k":[{"i":{"x":0.514,"y":1},"o":{"x":0.489,"y":0},"t":0,"s":[1621,1300.25,0],"to":[0,-45.167,0],"ti":[0,0,0]},{"i":{"x":0.667,"y":1},"o":{"x":0.167,"y":0},"t":59,"s":[1621,1029.25,0],"to":[0,0,0],"ti":[0,-45.167,0]},{"t":60.0556640625,"s":[1621,1300.25,0]}],"ix":2,"l":2},"a":{"a":0,"k":[282.197,163.796,0],"ix":1,"l":2},"s":{"a":1,"k":[{"i":{"x":[0.667,0.667,0.667],"y":[1,1,1]},"o":{"x":[0.333,0.333,0.333],"y":[0,0,0]},"t":0,"s":[569.461,192.461,100]},{"i":{"x":[0.667,0.667,0.667],"y":[1,1,1]},"o":{"x":[0.333,0.333,0.333],"y":[0,0,0]},"t":30,"s":[569.461,448.461,100]},{"i":{"x":[0.667,0.667,0.667],"y":[1,1,1]},"o":{"x":[0.167,0.167,0.167],"y":[0,0,0]},"t":59,"s":[569.461,192.461,100]},{"t":60.0556640625,"s":[569.461,192.461,100]}],"ix":6,"l":2}},"ao":0,"shapes":[{"ty":"gr","it":[{"ind":0,"ty":"sh","ix":1,"ks":{"a":0,"k":{"i":[[0,0.935],[0,0],[-0.935,0],[0,0],[0,-0.935],[0,0],[0.935,0],[0,0]],"o":[[0,0],[0,-0.935],[0,0],[0.935,0],[0,0],[0,0.935],[0,0],[-0.935,0]],"v":[[-1.7,5.2],[-1.7,-5.2],[0,-6.9],[0,-6.9],[1.7,-5.2],[1.7,5.2],[0,6.9],[0,6.9]],"c":true},"ix":2},"nm":"Path 1","mn":"ADBE Vector Shape - Group","hd":false},{"ty":"fl","c":{"a":0,"k":[0.909799972235,0.917599966012,0.964699958352,1],"ix":4},"o":{"a":0,"k":100,"ix":5},"r":1,"bm":0,"nm":"Fill 1","mn":"ADBE Vector Graphic - Fill","hd":false},{"ty":"tr","p":{"a":0,"k":[282.227,163.82],"ix":2},"a":{"a":0,"k":[0,0],"ix":1},"s":{"a":0,"k":[100,100],"ix":3},"r":{"a":0,"k":0,"ix":6},"o":{"a":0,"k":100,"ix":7},"sk":{"a":0,"k":0,"ix":4},"sa":{"a":0,"k":0,"ix":5},"nm":"Transform"}],"nm":"Group 1","np":2,"cix":2,"bm":0,"ix":1,"mn":"ADBE Vector Group","hd":false}],"ip":0,"op":60,"st":0,"bm":0}]}],"layers":[{"ddd":0,"ind":1,"ty":4,"nm":"word 004","parent":5,"sr":1,"ks":{"o":{"a":0,"k":100,"ix":11},"r":{"a":0,"k":0,"ix":10},"p":{"a":0,"k":[216.514,82.99,0],"ix":2,"l":2},"a":{"a":0,"k":[213.48,68.776,0],"ix":1,"l":2},"s":{"a":1,"k":[{"i":{"x":[0.833,0.833,0.833],"y":[0.833,0.833,0.833]},"o":{"x":[0.167,0.167,0.167],"y":[0.167,0.167,0.167]},"t":53,"s":[0,0,100]},{"t":56,"s":[93.461,93.461,100]}],"ix":6,"l":2}},"ao":0,"shapes":[{"ty":"gr","it":[{"ind":0,"ty":"sh","ix":1,"ks":{"a":1,"k":[{"i":{"x":0.336,"y":1},"o":{"x":0.716,"y":0},"t":55,"s":[{"i":[[-2.145,0],[0,0],[0,-2.145],[0,0],[2.145,0],[0,0],[0,2.145],[0,0]],"o":[[0,0],[2.145,0],[0,0],[0,2.145],[0,0],[-2.145,0],[0,0],[0,-2.145]],"v":[[-37.65,-3.9],[-33.881,-3.936],[-29.982,-0.036],[-29.982,-0.036],[-33.881,3.864],[-37.65,3.9],[-41.55,0],[-41.55,0]],"c":true}]},{"t":66,"s":[{"i":[[-2.145,0],[0,0],[0,-2.145],[0,0],[2.145,0],[0,0],[0,2.145],[0,0]],"o":[[0,0],[2.145,0],[0,0],[0,2.145],[0,0],[-2.145,0],[0,0],[0,-2.145]],"v":[[-37.65,-3.9],[-2.491,-3.956],[1.409,-0.056],[1.409,-0.056],[-2.491,3.844],[-37.65,3.9],[-41.55,0],[-41.55,0]],"c":true}]}],"ix":2},"nm":"Path 1","mn":"ADBE Vector Shape - Group","hd":false},{"ty":"fl","c":{"a":0,"k":[0.772499952129,0.792200006223,0.913699999043,1],"ix":4},"o":{"a":0,"k":100,"ix":5},"r":1,"bm":0,"nm":"Fill 1","mn":"ADBE Vector Graphic - Fill","hd":false},{"ty":"tr","p":{"a":0,"k":[250.93,68.87],"ix":2},"a":{"a":0,"k":[0,0],"ix":1},"s":{"a":0,"k":[100,100],"ix":3},"r":{"a":0,"k":0,"ix":6},"o":{"a":0,"k":100,"ix":7},"sk":{"a":0,"k":0,"ix":4},"sa":{"a":0,"k":0,"ix":5},"nm":"Transform"}],"nm":"Group 1","np":2,"cix":2,"bm":0,"ix":1,"mn":"ADBE Vector Group","hd":false}],"ip":0,"op":120,"st":0,"bm":0},{"ddd":0,"ind":2,"ty":4,"nm":"word 003","parent":5,"sr":1,"ks":{"o":{"a":0,"k":100,"ix":11},"r":{"a":0,"k":0,"ix":10},"p":{"a":0,"k":[216.514,72.79,0],"ix":2,"l":2},"a":{"a":0,"k":[213.48,68.776,0],"ix":1,"l":2},"s":{"a":1,"k":[{"i":{"x":[0.833,0.833,0.833],"y":[0.833,0.833,0.833]},"o":{"x":[0.167,0.167,0.167],"y":[0.167,0.167,0.167]},"t":50,"s":[0,0,100]},{"t":53,"s":[93.461,93.461,100]}],"ix":6,"l":2}},"ao":0,"shapes":[{"ty":"gr","it":[{"ind":0,"ty":"sh","ix":1,"ks":{"a":1,"k":[{"i":{"x":0.336,"y":1},"o":{"x":0.716,"y":0},"t":52,"s":[{"i":[[-2.145,0],[0,0],[0,-2.145],[0,0],[2.145,0],[0,0],[0,2.145],[0,0]],"o":[[0,0],[2.145,0],[0,0],[0,2.145],[0,0],[-2.145,0],[0,0],[0,-2.145]],"v":[[-37.65,-3.9],[-33.881,-3.936],[-29.982,-0.036],[-29.982,-0.036],[-33.881,3.864],[-37.65,3.9],[-41.55,0],[-41.55,0]],"c":true}]},{"t":63,"s":[{"i":[[-2.145,0],[0,0],[0,-2.145],[0,0],[2.145,0],[0,0],[0,2.145],[0,0]],"o":[[0,0],[2.145,0],[0,0],[0,2.145],[0,0],[-2.145,0],[0,0],[0,-2.145]],"v":[[-37.65,-3.9],[14.44,-4.026],[18.34,-0.126],[18.34,-0.125],[14.44,3.774],[-37.65,3.9],[-41.55,0],[-41.55,0]],"c":true}]}],"ix":2},"nm":"Path 1","mn":"ADBE Vector Shape - Group","hd":false},{"ty":"fl","c":{"a":0,"k":[0.772499952129,0.792200006223,0.913699999043,1],"ix":4},"o":{"a":0,"k":100,"ix":5},"r":1,"bm":0,"nm":"Fill 1","mn":"ADBE Vector Graphic - Fill","hd":false},{"ty":"tr","p":{"a":0,"k":[250.93,68.87],"ix":2},"a":{"a":0,"k":[0,0],"ix":1},"s":{"a":0,"k":[100,100],"ix":3},"r":{"a":0,"k":0,"ix":6},"o":{"a":0,"k":100,"ix":7},"sk":{"a":0,"k":0,"ix":4},"sa":{"a":0,"k":0,"ix":5},"nm":"Transform"}],"nm":"Group 1","np":2,"cix":2,"bm":0,"ix":1,"mn":"ADBE Vector Group","hd":false}],"ip":0,"op":120,"st":0,"bm":0},{"ddd":0,"ind":3,"ty":4,"nm":"word 002","parent":5,"sr":1,"ks":{"o":{"a":0,"k":100,"ix":11},"r":{"a":0,"k":0,"ix":10},"p":{"a":0,"k":[216.514,62.59,0],"ix":2,"l":2},"a":{"a":0,"k":[213.48,68.776,0],"ix":1,"l":2},"s":{"a":1,"k":[{"i":{"x":[0.833,0.833,0.833],"y":[0.833,0.833,0.833]},"o":{"x":[0.167,0.167,0.167],"y":[0.167,0.167,0.167]},"t":47,"s":[0,0,100]},{"t":50,"s":[93.461,93.461,100]}],"ix":6,"l":2}},"ao":0,"shapes":[{"ty":"gr","it":[{"ind":0,"ty":"sh","ix":1,"ks":{"a":1,"k":[{"i":{"x":0.336,"y":1},"o":{"x":0.716,"y":0},"t":49,"s":[{"i":[[-2.145,0],[0,0],[0,-2.145],[0,0],[2.145,0],[0,0],[0,2.145],[0,0]],"o":[[0,0],[2.145,0],[0,0],[0,2.145],[0,0],[-2.145,0],[0,0],[0,-2.145]],"v":[[-37.65,-3.9],[-33.881,-3.936],[-29.982,-0.036],[-29.982,-0.036],[-33.881,3.864],[-37.65,3.9],[-41.55,0],[-41.55,0]],"c":true}]},{"t":60,"s":[{"i":[[-2.145,0],[0,0],[0,-2.145],[0,0],[2.145,0],[0,0],[0,2.145],[0,0]],"o":[[0,0],[2.145,0],[0,0],[0,2.145],[0,0],[-2.145,0],[0,0],[0,-2.145]],"v":[[-37.65,-3.9],[37.84,-3.961],[41.74,-0.061],[41.74,-0.061],[37.84,3.839],[-37.65,3.9],[-41.55,0],[-41.55,0]],"c":true}]}],"ix":2},"nm":"Path 1","mn":"ADBE Vector Shape - Group","hd":false},{"ty":"fl","c":{"a":0,"k":[0.772499952129,0.792200006223,0.913699999043,1],"ix":4},"o":{"a":0,"k":100,"ix":5},"r":1,"bm":0,"nm":"Fill 1","mn":"ADBE Vector Graphic - Fill","hd":false},{"ty":"tr","p":{"a":0,"k":[250.93,68.87],"ix":2},"a":{"a":0,"k":[0,0],"ix":1},"s":{"a":0,"k":[100,100],"ix":3},"r":{"a":0,"k":0,"ix":6},"o":{"a":0,"k":100,"ix":7},"sk":{"a":0,"k":0,"ix":4},"sa":{"a":0,"k":0,"ix":5},"nm":"Transform"}],"nm":"Group 1","np":2,"cix":2,"bm":0,"ix":1,"mn":"ADBE Vector Group","hd":false}],"ip":0,"op":120,"st":0,"bm":0},{"ddd":0,"ind":4,"ty":4,"nm":"word 001","parent":5,"sr":1,"ks":{"o":{"a":0,"k":100,"ix":11},"r":{"a":0,"k":0,"ix":10},"p":{"a":0,"k":[216.514,52.49,0],"ix":2,"l":2},"a":{"a":0,"k":[213.48,68.776,0],"ix":1,"l":2},"s":{"a":1,"k":[{"i":{"x":[0.833,0.833,0.833],"y":[0.833,0.833,0.833]},"o":{"x":[0.167,0.167,0.167],"y":[0.167,0.167,0.167]},"t":44,"s":[0,0,100]},{"t":47,"s":[93.461,93.461,100]}],"ix":6,"l":2}},"ao":0,"shapes":[{"ty":"gr","it":[{"ind":0,"ty":"sh","ix":1,"ks":{"a":1,"k":[{"i":{"x":0.336,"y":1},"o":{"x":0.716,"y":0},"t":46,"s":[{"i":[[-2.145,0],[0,0],[0,-2.145],[0,0],[2.145,0],[0,0],[0,2.145],[0,0]],"o":[[0,0],[2.145,0],[0,0],[0,2.145],[0,0],[-2.145,0],[0,0],[0,-2.145]],"v":[[-37.65,-3.9],[-33.881,-3.936],[-29.982,-0.036],[-29.982,-0.036],[-33.881,3.864],[-37.65,3.9],[-41.55,0],[-41.55,0]],"c":true}]},{"t":57,"s":[{"i":[[-2.145,0],[0,0],[0,-2.145],[0,0],[2.145,0],[0,0],[0,2.145],[0,0]],"o":[[0,0],[2.145,0],[0,0],[0,2.145],[0,0],[-2.145,0],[0,0],[0,-2.145]],"v":[[-37.65,-3.9],[28.138,-3.868],[32.038,0.032],[32.038,0.032],[28.138,3.932],[-37.65,3.9],[-41.55,0],[-41.55,0]],"c":true}]}],"ix":2},"nm":"Path 1","mn":"ADBE Vector Shape - Group","hd":false},{"ty":"fl","c":{"a":0,"k":[0.772499952129,0.792200006223,0.913699999043,1],"ix":4},"o":{"a":0,"k":100,"ix":5},"r":1,"bm":0,"nm":"Fill 1","mn":"ADBE Vector Graphic - Fill","hd":false},{"ty":"tr","p":{"a":0,"k":[250.93,68.87],"ix":2},"a":{"a":0,"k":[0,0],"ix":1},"s":{"a":0,"k":[100,100],"ix":3},"r":{"a":0,"k":0,"ix":6},"o":{"a":0,"k":100,"ix":7},"sk":{"a":0,"k":0,"ix":4},"sa":{"a":0,"k":0,"ix":5},"nm":"Transform"}],"nm":"Group 1","np":2,"cix":2,"bm":0,"ix":1,"mn":"ADBE Vector Group","hd":false}],"ip":0,"op":120,"st":0,"bm":0},{"ddd":0,"ind":5,"ty":4,"nm":"baloon","sr":1,"ks":{"o":{"a":0,"k":100,"ix":11},"r":{"a":1,"k":[{"i":{"x":[0.805],"y":[-15.621]},"o":{"x":[0.333],"y":[0]},"t":26,"s":[0]},{"i":{"x":[0.833],"y":[0.791]},"o":{"x":[0.386],"y":[-52998887.85]},"t":37,"s":[0]},{"t":44,"s":[0]}],"ix":10},"p":{"a":0,"k":[1240,936,0],"ix":2,"l":2},"a":{"a":0,"k":[216.169,115.285,0],"ix":1,"l":2},"s":{"a":1,"k":[{"i":{"x":[0.305,0.305,0.667],"y":[1,1,1]},"o":{"x":[0.676,0.676,0.333],"y":[0,0,0]},"t":26,"s":[0,0,100]},{"i":{"x":[0.784,0.784,0.833],"y":[1,1,1]},"o":{"x":[0.429,0.429,0.333],"y":[0,0,0]},"t":40,"s":[562.418,562.418,100]},{"i":{"x":[0.484,0.484,0.833],"y":[1,1,1]},"o":{"x":[0.64,0.64,0.167],"y":[0,0,0]},"t":113,"s":[562.418,562.418,100]},{"t":120,"s":[0,0,100]}],"ix":6,"l":2}},"ao":0,"shapes":[{"ty":"gr","it":[{"ind":0,"ty":"sh","ix":1,"ks":{"a":0,"k":{"i":[[-10.604,0],[0,0],[0,-10.604],[0,0],[10.604,0],[0,0],[0,0],[0,0],[0,10.604],[0,0]],"o":[[0,0],[10.604,0],[0,0],[0,10.604],[0,0],[0,0],[0,0],[-10.604,0],[0,0],[0,-10.604]],"v":[[-36.605,-42.464],[36.605,-42.464],[55.884,-23.184],[55.884,8.784],[36.605,28.064],[-13.805,28.064],[-36.605,42.464],[-36.605,28.064],[-55.884,8.784],[-55.884,-23.184]],"c":true},"ix":2},"nm":"Path 1","mn":"ADBE Vector Shape - Group","hd":false},{"ty":"st","c":{"a":0,"k":[0.909799972235,0.917599966012,0.964699958352,1],"ix":3},"o":{"a":0,"k":100,"ix":4},"w":{"a":0,"k":0.216,"ix":5},"lc":1,"lj":1,"ml":2.61,"bm":0,"nm":"Stroke 1","mn":"ADBE Vector Graphic - Stroke","hd":false},{"ty":"fl","c":{"a":0,"k":[0.909799972235,0.917599966012,0.964699958352,1],"ix":4},"o":{"a":0,"k":100,"ix":5},"r":1,"bm":0,"nm":"Fill 1","mn":"ADBE Vector Graphic - Fill","hd":false},{"ty":"tr","p":{"a":0,"k":[250.93,75.511],"ix":2},"a":{"a":0,"k":[0,0],"ix":1},"s":{"a":0,"k":[100,100],"ix":3},"r":{"a":0,"k":0,"ix":6},"o":{"a":0,"k":100,"ix":7},"sk":{"a":0,"k":0,"ix":4},"sa":{"a":0,"k":0,"ix":5},"nm":"Transform"}],"nm":"Group 1","np":3,"cix":2,"bm":0,"ix":1,"mn":"ADBE Vector Group","hd":false}],"ip":0,"op":120,"st":0,"bm":0},{"ddd":0,"ind":6,"ty":4,"nm":"notebook","sr":1,"ks":{"o":{"a":0,"k":100,"ix":11},"r":{"a":0,"k":0,"ix":10},"p":{"a":0,"k":[960,960,0],"ix":2,"l":2},"a":{"a":0,"k":[167,119.5,0],"ix":1,"l":2},"s":{"a":0,"k":[569.461,569.461,100],"ix":6,"l":2}},"ao":0,"shapes":[{"ty":"gr","it":[{"ind":0,"ty":"sh","ix":1,"ks":{"a":0,"k":{"i":[[8.124,-0.075],[25.996,0],[-0.806,1.78],[0,0],[-3.897,0],[0,0],[1.767,-3.906],[8.87,-19.602]],"o":[[-25.996,0],[2.069,0],[0,0],[1.768,-3.906],[0,0],[3.898,0],[-8.87,19.602],[-2.158,4.408]],"v":[[18.188,35.381],[-57.663,35.381],[-53.482,32.52],[-25.963,-28.294],[-15.628,-35.381],[52.058,-35.381],[55.896,-28.294],[30.837,27.086]],"c":true},"ix":2},"nm":"Path 1","mn":"ADBE Vector Shape - Group","hd":false},{"ty":"fl","c":{"a":0,"k":[0.909799972235,0.917599966012,0.964699958352,1],"ix":4},"o":{"a":0,"k":100,"ix":5},"r":1,"bm":0,"nm":"Fill 1","mn":"ADBE Vector Graphic - Fill","hd":false},{"ty":"tr","p":{"a":0,"k":[214.742,182.28],"ix":2},"a":{"a":0,"k":[0,0],"ix":1},"s":{"a":0,"k":[100,100],"ix":3},"r":{"a":0,"k":0,"ix":6},"o":{"a":0,"k":100,"ix":7},"sk":{"a":0,"k":0,"ix":4},"sa":{"a":0,"k":0,"ix":5},"nm":"Transform"}],"nm":"Group 2","np":2,"cix":2,"bm":0,"ix":1,"mn":"ADBE Vector Group","hd":false},{"ty":"gr","it":[{"ind":0,"ty":"sh","ix":1,"ks":{"a":0,"k":{"i":[[-2.47,0],[0,0],[-0.984,2.953],[0,0],[3.96,0],[0,0],[1.856,-3.963],[0,0]],"o":[[0,0],[6.359,0],[0,0],[1.799,-3.99],[0,0],[-3.959,0],[0,0],[-1.07,2.542]],"v":[[-54.117,35.896],[18.269,35.896],[30.19,29.729],[56.524,-28.697],[52.714,-35.896],[-18.303,-35.896],[-28.893,-28.697],[-57.252,31.836]],"c":true},"ix":2},"nm":"Path 1","mn":"ADBE Vector Shape - Group","hd":false},{"ty":"fl","c":{"a":0,"k":[0.772499952129,0.792200006223,0.913699999043,1],"ix":4},"o":{"a":0,"k":100,"ix":5},"r":1,"bm":0,"nm":"Fill 1","mn":"ADBE Vector Graphic - Fill","hd":false},{"ty":"tr","p":{"a":0,"k":[214.084,181.765],"ix":2},"a":{"a":0,"k":[0,0],"ix":1},"s":{"a":0,"k":[100,100],"ix":3},"r":{"a":0,"k":0,"ix":6},"o":{"a":0,"k":100,"ix":7},"sk":{"a":0,"k":0,"ix":4},"sa":{"a":0,"k":0,"ix":5},"nm":"Transform"}],"nm":"Group 3","np":2,"cix":2,"bm":0,"ix":2,"mn":"ADBE Vector Group","hd":false},{"ty":"gr","it":[{"ind":0,"ty":"sh","ix":1,"ks":{"a":0,"k":{"i":[[-1.696,0],[0,0],[0,1.696],[0,0],[1.696,0],[0,0],[0,-1.696],[0,0]],"o":[[0,0],[1.696,0],[0,0],[0,-1.696],[0,0],[-1.696,0],[0,0],[0,1.696]],"v":[[-55.296,3.084],[55.296,3.084],[58.38,0],[58.38,0],[55.296,-3.084],[-55.296,-3.084],[-58.38,0],[-58.38,0]],"c":true},"ix":2},"nm":"Path 1","mn":"ADBE Vector Shape - Group","hd":false},{"ty":"fl","c":{"a":0,"k":[0.772499952129,0.792200006223,0.913699999043,1],"ix":4},"o":{"a":0,"k":100,"ix":5},"r":1,"bm":0,"nm":"Fill 1","mn":"ADBE Vector Graphic - Fill","hd":false},{"ty":"tr","p":{"a":0,"k":[172.935,214.577],"ix":2},"a":{"a":0,"k":[0,0],"ix":1},"s":{"a":0,"k":[100,100],"ix":3},"r":{"a":0,"k":0,"ix":6},"o":{"a":0,"k":100,"ix":7},"sk":{"a":0,"k":0,"ix":4},"sa":{"a":0,"k":0,"ix":5},"nm":"Transform"}],"nm":"Group 4","np":2,"cix":2,"bm":0,"ix":3,"mn":"ADBE Vector Group","hd":false}],"ip":0,"op":120,"st":0,"bm":0},{"ddd":0,"ind":7,"ty":4,"nm":"hand","parent":8,"sr":1,"ks":{"o":{"a":0,"k":100,"ix":11},"r":{"a":1,"k":[{"i":{"x":[0.833],"y":[0.833]},"o":{"x":[0.167],"y":[0.167]},"t":25,"s":[-11.5]},{"i":{"x":[0.833],"y":[0.833]},"o":{"x":[0.167],"y":[0.167]},"t":31,"s":[5.9]},{"i":{"x":[0.833],"y":[0.833]},"o":{"x":[0.167],"y":[0.167]},"t":34,"s":[3.2]},{"i":{"x":[0.833],"y":[0.833]},"o":{"x":[0.167],"y":[0.167]},"t":37,"s":[5.9]},{"i":{"x":[0.833],"y":[0.833]},"o":{"x":[0.167],"y":[0.167]},"t":40,"s":[3.2]},{"i":{"x":[0.833],"y":[0.833]},"o":{"x":[0.167],"y":[0.167]},"t":43,"s":[-2.1]},{"i":{"x":[0.833],"y":[0.833]},"o":{"x":[0.167],"y":[0.167]},"t":46,"s":[3.2]},{"i":{"x":[0.833],"y":[0.833]},"o":{"x":[0.167],"y":[0.167]},"t":51,"s":[5.9]},{"i":{"x":[0.833],"y":[0.833]},"o":{"x":[0.167],"y":[0.167]},"t":54,"s":[3.2]},{"i":{"x":[0.833],"y":[0.833]},"o":{"x":[0.167],"y":[0.167]},"t":57,"s":[18.1]},{"i":{"x":[0.833],"y":[0.833]},"o":{"x":[0.167],"y":[0.167]},"t":60,"s":[3.2]},{"i":{"x":[0.833],"y":[0.833]},"o":{"x":[0.167],"y":[0.167]},"t":63,"s":[-2.1]},{"i":{"x":[0.833],"y":[0.833]},"o":{"x":[0.167],"y":[0.167]},"t":66,"s":[3.2]},{"t":73,"s":[-11.5]}],"ix":10},"p":{"a":0,"k":[127.248,191.361,0],"ix":2,"l":2},"a":{"a":0,"k":[125.525,191.29,0],"ix":1,"l":2},"s":{"a":0,"k":[95,95,100],"ix":6,"l":2}},"ao":0,"shapes":[{"ty":"gr","it":[{"ind":0,"ty":"sh","ix":1,"ks":{"a":0,"k":{"i":[[0.303,2.886],[-1.779,-0.973],[-0.89,-0.615],[1.137,-0.826],[1.805,1.164],[0.011,-0.166],[1.317,0.272],[1.569,1.342],[0.742,0.503],[-0.151,0.662],[2.453,0.824],[2.398,-0.23]],"o":[[7.422,1.31],[0.328,0.179],[0.806,0.556],[-0.626,0.455],[-0.857,-0.553],[-0.09,1.363],[-1.317,-0.272],[-1.579,-0.863],[-0.742,-0.503],[-2.566,-0.24],[-2.453,-0.824],[-0.303,-2.886]],"v":[[-16.987,-9.835],[5.278,-5.905],[12.205,-2.233],[15.85,4.167],[11.278,0.734],[9.181,0.865],[6.122,9.563],[4.228,4.624],[-2.015,5.847],[-1.744,3.636],[-9.772,1.977],[-16.077,-1.177]],"c":true},"ix":2},"nm":"Path 1","mn":"ADBE Vector Shape - Group","hd":false},{"ty":"fl","c":{"a":0,"k":[1,0.921599982767,0.933300003351,1],"ix":4},"o":{"a":0,"k":100,"ix":5},"r":1,"bm":0,"nm":"Fill 1","mn":"ADBE Vector Graphic - Fill","hd":false},{"ty":"tr","p":{"a":0,"k":[142.504,201.041],"ix":2},"a":{"a":0,"k":[0,0],"ix":1},"s":{"a":0,"k":[100,100],"ix":3},"r":{"a":0,"k":0,"ix":6},"o":{"a":0,"k":100,"ix":7},"sk":{"a":0,"k":0,"ix":4},"sa":{"a":0,"k":0,"ix":5},"nm":"Transform"}],"nm":"Group 1","np":2,"cix":2,"bm":0,"ix":1,"mn":"ADBE Vector Group","hd":false}],"ip":0,"op":120,"st":0,"bm":0},{"ddd":0,"ind":8,"ty":4,"nm":"arm","sr":1,"ks":{"o":{"a":0,"k":100,"ix":11},"r":{"a":1,"k":[{"i":{"x":[0.833],"y":[0.833]},"o":{"x":[0.167],"y":[0.167]},"t":17,"s":[0]},{"i":{"x":[0.833],"y":[0.833]},"o":{"x":[0.167],"y":[0.167]},"t":25,"s":[-3.1]},{"i":{"x":[0.833],"y":[0.833]},"o":{"x":[0.167],"y":[0.167]},"t":31,"s":[-0.021]},{"i":{"x":[0.833],"y":[0.833]},"o":{"x":[0.167],"y":[0.167]},"t":34,"s":[-2.219]},{"i":{"x":[0.833],"y":[0.833]},"o":{"x":[0.167],"y":[0.167]},"t":37,"s":[-0.021]},{"i":{"x":[0.833],"y":[0.833]},"o":{"x":[0.167],"y":[0.167]},"t":40,"s":[-2.219]},{"i":{"x":[0.833],"y":[0.833]},"o":{"x":[0.167],"y":[0.167]},"t":43,"s":[2.408]},{"i":{"x":[0.833],"y":[0.833]},"o":{"x":[0.167],"y":[0.167]},"t":46,"s":[-2.219]},{"i":{"x":[0.833],"y":[0.833]},"o":{"x":[0.167],"y":[0.167]},"t":51,"s":[-0.021]},{"i":{"x":[0.833],"y":[0.833]},"o":{"x":[0.167],"y":[0.167]},"t":54,"s":[-2.219]},{"i":{"x":[0.833],"y":[0.833]},"o":{"x":[0.167],"y":[0.167]},"t":57,"s":[-0.821]},{"i":{"x":[0.833],"y":[0.833]},"o":{"x":[0.167],"y":[0.167]},"t":60,"s":[-2.219]},{"i":{"x":[0.833],"y":[0.833]},"o":{"x":[0.167],"y":[0.167]},"t":63,"s":[2.408]},{"i":{"x":[0.833],"y":[0.833]},"o":{"x":[0.167],"y":[0.167]},"t":66,"s":[-2.219]},{"t":73,"s":[0]}],"ix":10},"p":{"a":0,"k":[296,1441,0],"ix":2,"l":2},"a":{"a":0,"k":[48.994,203.79,0],"ix":1,"l":2},"s":{"a":0,"k":[569.461,569.461,100],"ix":6,"l":2}},"ao":0,"shapes":[{"ty":"gr","it":[{"ind":0,"ty":"sh","ix":1,"ks":{"a":0,"k":{"i":[[-2.848,0],[-0.615,-0.315],[0,-2.991],[0,0],[-1.344,2.684],[-0.7,-0.124],[2.57,0],[0,3.469]],"o":[[0.709,0],[-1.822,0.226],[0,0],[0,4.969],[0.577,-0.101],[-0.67,2.522],[-2.57,0],[0,-3.469]],"v":[[0.193,-6.281],[2.191,-5.792],[-2.292,-0.891],[-2.292,-0.891],[3.447,2.877],[4.964,2.795],[0.193,6.281],[-4.964,0]],"c":true},"ix":2},"nm":"Path 1","mn":"ADBE Vector Shape - Group","hd":false},{"ty":"fl","c":{"a":0,"k":[0.611800010532,0.1528999927,0.690199967927,1],"ix":4},"o":{"a":0,"k":100,"ix":5},"r":1,"bm":0,"nm":"Fill 1","mn":"ADBE Vector Graphic - Fill","hd":false},{"ty":"tr","p":{"a":0,"k":[122.316,197.104],"ix":2},"a":{"a":0,"k":[0,0],"ix":1},"s":{"a":0,"k":[100,100],"ix":3},"r":{"a":0,"k":0,"ix":6},"o":{"a":0,"k":100,"ix":7},"sk":{"a":0,"k":0,"ix":4},"sa":{"a":0,"k":0,"ix":5},"nm":"Transform"}],"nm":"Group 1","np":2,"cix":2,"bm":0,"ix":1,"mn":"ADBE Vector Group","hd":false},{"ty":"gr","it":[{"ind":0,"ty":"sh","ix":1,"ks":{"a":0,"k":{"i":[[-2.744,0.288],[0,0],[-0.288,-2.743],[0,0],[2.717,-0.475],[0,0],[0,2.758],[0,0]],"o":[[0,0],[2.744,-0.288],[0,0],[0,2.758],[0,0],[-2.717,0.475],[0,0],[-0.288,-2.744]],"v":[[-9.983,-4.073],[9.224,-6.091],[14.736,-1.627],[14.736,-1.626],[10.133,2.568],[-8.935,5.904],[-14.447,1.44],[-14.447,1.439]],"c":true},"ix":2},"nm":"Path 1","mn":"ADBE Vector Shape - Group","hd":false},{"ty":"fl","c":{"a":0,"k":[1,0.921599982767,0.933300003351,1],"ix":4},"o":{"a":0,"k":100,"ix":5},"r":1,"bm":0,"nm":"Fill 1","mn":"ADBE Vector Graphic - Fill","hd":false},{"ty":"tr","p":{"a":0,"k":[116.293,197.296],"ix":2},"a":{"a":0,"k":[0,0],"ix":1},"s":{"a":0,"k":[100,100],"ix":3},"r":{"a":0,"k":0,"ix":6},"o":{"a":0,"k":100,"ix":7},"sk":{"a":0,"k":0,"ix":4},"sa":{"a":0,"k":0,"ix":5},"nm":"Transform"}],"nm":"Group 2","np":2,"cix":2,"bm":0,"ix":2,"mn":"ADBE Vector Group","hd":false},{"ty":"gr","it":[{"ind":0,"ty":"sh","ix":1,"ks":{"a":0,"k":{"i":[[-0.513,-10.284],[0,0.32],[10.588,-1.67],[0,0],[0,0],[0,0],[0.123,0],[0,0],[0.302,-12.64],[-0.027,-0.412],[-5.794,0.914],[0,0]],"o":[[0.015,-0.316],[0,-10.719],[0,0],[0,0],[0,0],[-0.132,0.042],[0,0],[-5.888,0.929],[-0.01,0.441],[0.814,-12.23],[0,0],[10.282,-1.622]],"v":[[35.794,6.77],[35.818,5.816],[15.953,-11.798],[-7.247,-8.138],[-7.549,-8.09],[-7.922,-8.032],[-8.304,-7.971],[-12.567,-7.298],[-35.807,12.191],[-35.78,13.469],[-12.567,-5.423],[15.953,-9.923]],"c":true},"ix":2},"nm":"Path 1","mn":"ADBE Vector Shape - Group","hd":false},{"ty":"fl","c":{"a":0,"k":[0.097999999102,0.462700009813,0.823499971278,1],"ix":4},"o":{"a":0,"k":100,"ix":5},"r":1,"bm":0,"nm":"Fill 1","mn":"ADBE Vector Graphic - Fill","hd":false},{"ty":"tr","p":{"a":0,"k":[80.801,190.48],"ix":2},"a":{"a":0,"k":[0,0],"ix":1},"s":{"a":0,"k":[100,100],"ix":3},"r":{"a":0,"k":0,"ix":6},"o":{"a":0,"k":100,"ix":7},"sk":{"a":0,"k":0,"ix":4},"sa":{"a":0,"k":0,"ix":5},"nm":"Transform"}],"nm":"Group 3","np":2,"cix":2,"bm":0,"ix":3,"mn":"ADBE Vector Group","hd":false},{"ty":"gr","it":[{"ind":0,"ty":"sh","ix":1,"ks":{"a":0,"k":{"i":[[-10.121,0],[0,0],[0,10.72],[10.588,-1.67],[0,0],[0.302,-12.64]],"o":[[0,0],[10.72,0],[0,-10.719],[0,0],[-5.888,0.929],[-0.359,15.038]],"v":[[-3.768,18.426],[16.502,18.426],[35.992,-1.064],[16.127,-18.678],[-12.393,-14.178],[-35.633,5.311]],"c":true},"ix":2},"nm":"Path 1","mn":"ADBE Vector Shape - Group","hd":false},{"ty":"fl","c":{"a":0,"k":[0.129400006463,0.588199989468,0.952900007659,1],"ix":4},"o":{"a":0,"k":100,"ix":5},"r":1,"bm":0,"nm":"Fill 1","mn":"ADBE Vector Graphic - Fill","hd":false},{"ty":"tr","p":{"a":0,"k":[80.627,199.235],"ix":2},"a":{"a":0,"k":[0,0],"ix":1},"s":{"a":0,"k":[100,100],"ix":3},"r":{"a":0,"k":0,"ix":6},"o":{"a":0,"k":100,"ix":7},"sk":{"a":0,"k":0,"ix":4},"sa":{"a":0,"k":0,"ix":5},"nm":"Transform"}],"nm":"Group 4","np":2,"cix":2,"bm":0,"ix":4,"mn":"ADBE Vector Group","hd":false}],"ip":0,"op":120,"st":0,"bm":0},{"ddd":0,"ind":9,"ty":4,"nm":"glasses","parent":10,"sr":1,"ks":{"o":{"a":0,"k":100,"ix":11},"r":{"a":0,"k":0,"ix":10},"p":{"a":1,"k":[{"i":{"x":0.56,"y":0.56},"o":{"x":0.167,"y":0.167},"t":0,"s":[167,117.9,0],"to":[0,0,0],"ti":[0,0,0]},{"i":{"x":0.454,"y":1},"o":{"x":0.554,"y":0},"t":7,"s":[167,117.9,0],"to":[0,0.55,0],"ti":[0,-0.55,0]},{"i":{"x":0.581,"y":0.581},"o":{"x":0.471,"y":0.471},"t":19,"s":[167,121.2,0],"to":[0,0,0],"ti":[0,0,0]},{"i":{"x":0.391,"y":1},"o":{"x":0.627,"y":0},"t":33,"s":[167,121.2,0],"to":[0,-0.383,0],"ti":[0,0.383,0]},{"i":{"x":0.514,"y":0.514},"o":{"x":0.496,"y":0.496},"t":40,"s":[167,118.9,0],"to":[0,0,0],"ti":[0,0,0]},{"i":{"x":0.391,"y":1},"o":{"x":0.627,"y":0},"t":49,"s":[167,118.9,0],"to":[0,0.383,0],"ti":[0,-0.383,0]},{"i":{"x":0.598,"y":0.598},"o":{"x":0.407,"y":0.407},"t":57,"s":[167,121.2,0],"to":[0,0,0],"ti":[0,0,0]},{"i":{"x":0.391,"y":1},"o":{"x":0.627,"y":0},"t":72,"s":[167,121.2,0],"to":[0,-0.55,0],"ti":[0,0.55,0]},{"t":82,"s":[167,117.9,0]}],"ix":2,"l":2},"a":{"a":0,"k":[167,119.5,0],"ix":1,"l":2},"s":{"a":0,"k":[100,100,100],"ix":6,"l":2}},"ao":0,"shapes":[{"ty":"gr","it":[{"ind":0,"ty":"sh","ix":1,"ks":{"a":0,"k":{"i":[[-7.224,0],[-0.511,-6.757],[0,0],[-6.887,0],[0,-7.224],[0.025,-0.33],[0,0],[0,0.337],[6.296,0],[0,-6.296],[-0.028,-0.329],[0,0],[0,0],[0,0],[0,0.337],[6.296,0],[0,-6.296],[-0.028,-0.329],[0,0],[0,0.336]],"o":[[6.888,0],[0,0],[0.511,-6.757],[7.224,0],[0,0.336],[0,0],[0.028,-0.329],[0,-6.296],[-6.296,0],[0,0.337],[0,0],[0,0],[0,0],[0.028,-0.329],[0,-6.296],[-6.296,0],[0,0.337],[0,0],[-0.025,-0.33],[0,-7.224]],"v":[[-17.22,-7.04],[-4.178,5.041],[4.178,5.041],[17.22,-7.04],[30.3,6.04],[30.262,7.04],[28.576,7.04],[28.62,6.04],[17.22,-5.36],[5.82,6.04],[5.864,7.04],[4.178,7.04],[-4.178,7.04],[-5.864,7.04],[-5.82,6.04],[-17.22,-5.36],[-28.62,6.04],[-28.576,7.04],[-30.262,7.04],[-30.3,6.04]],"c":true},"ix":2},"nm":"Path 1","mn":"ADBE Vector Shape - Group","hd":false},{"ty":"fl","c":{"a":0,"k":[0.611800010532,0.1528999927,0.690199967927,1],"ix":4},"o":{"a":0,"k":100,"ix":5},"r":1,"bm":0,"nm":"Fill 1","mn":"ADBE Vector Graphic - Fill","hd":false},{"ty":"tr","p":{"a":0,"k":[115.003,80.838],"ix":2},"a":{"a":0,"k":[0,0],"ix":1},"s":{"a":0,"k":[100,100],"ix":3},"r":{"a":0,"k":0,"ix":6},"o":{"a":0,"k":100,"ix":7},"sk":{"a":0,"k":0,"ix":4},"sa":{"a":0,"k":0,"ix":5},"nm":"Transform"}],"nm":"Group 1","np":2,"cix":2,"bm":0,"ix":1,"mn":"ADBE Vector Group","hd":false},{"ty":"gr","it":[{"ind":0,"ty":"sh","ix":1,"ks":{"a":0,"k":{"i":[[0,0],[0,0],[0,0],[0,-0.337],[-6.296,0],[0,6.296],[0.029,0.329],[0,0],[0,-0.336],[7.224,0],[0.51,6.757],[0,0],[6.888,0],[0,7.224],[-0.025,0.33],[0,0],[0,-0.337],[-6.296,0],[0,6.296],[0.029,0.329]],"o":[[0,0],[0,0],[-0.029,0.329],[0,6.296],[6.296,0],[0,-0.337],[0,0],[0.025,0.33],[0,7.224],[-6.887,0],[0,0],[-0.51,6.757],[-7.224,0],[0,-0.336],[0,0],[-0.029,0.329],[0,6.296],[6.296,0],[0,-0.337],[0,0]],"v":[[-4.178,-7.04],[4.178,-7.04],[5.864,-7.04],[5.82,-6.04],[17.22,5.36],[28.62,-6.04],[28.576,-7.04],[30.262,-7.04],[30.3,-6.04],[17.22,7.04],[4.178,-5.041],[-4.178,-5.041],[-17.22,7.04],[-30.3,-6.04],[-30.262,-7.04],[-28.576,-7.04],[-28.62,-6.04],[-17.22,5.36],[-5.82,-6.04],[-5.864,-7.04]],"c":true},"ix":2},"nm":"Path 1","mn":"ADBE Vector Shape - Group","hd":false},{"ty":"fl","c":{"a":0,"k":[0.611800010532,0.1528999927,0.690199967927,1],"ix":4},"o":{"a":0,"k":100,"ix":5},"r":1,"bm":0,"nm":"Fill 1","mn":"ADBE Vector Graphic - Fill","hd":false},{"ty":"tr","p":{"a":0,"k":[115.003,92.919],"ix":2},"a":{"a":0,"k":[0,0],"ix":1},"s":{"a":0,"k":[100,100],"ix":3},"r":{"a":0,"k":0,"ix":6},"o":{"a":0,"k":100,"ix":7},"sk":{"a":0,"k":0,"ix":4},"sa":{"a":0,"k":0,"ix":5},"nm":"Transform"}],"nm":"Group 2","np":2,"cix":2,"bm":0,"ix":2,"mn":"ADBE Vector Group","hd":false}],"ip":0,"op":120,"st":0,"bm":0},{"ddd":0,"ind":10,"ty":4,"nm":"head","sr":1,"ks":{"o":{"a":0,"k":100,"ix":11},"r":{"a":1,"k":[{"i":{"x":[0.667],"y":[1]},"o":{"x":[0.167],"y":[0]},"t":0,"s":[0]},{"i":{"x":[0.478],"y":[1]},"o":{"x":[0.522],"y":[-0.038]},"t":7,"s":[0]},{"i":{"x":[0.635],"y":[1]},"o":{"x":[0.333],"y":[0]},"t":19,"s":[8.1]},{"i":{"x":[0.611],"y":[1]},"o":{"x":[0.403],"y":[-0.393]},"t":52,"s":[8.1]},{"i":{"x":[0.444],"y":[1]},"o":{"x":[0.612],"y":[0.037]},"t":72,"s":[8.1]},{"t":82,"s":[0]}],"ix":10},"p":{"a":0,"k":[510,958,0],"ix":2,"l":2},"a":{"a":0,"k":[87.978,119.149,0],"ix":1,"l":2},"s":{"a":0,"k":[569.461,569.461,100],"ix":6,"l":2}},"ao":0,"shapes":[{"ty":"gr","it":[{"ind":0,"ty":"sh","ix":1,"ks":{"a":0,"k":{"i":[[-5.291,9.632],[12.884,0],[3.527,11.735],[-11.765,0]],"o":[[-3.527,11.735],[-12.884,0],[5.291,9.632],[11.765,0]],"v":[[27.296,-10.143],[0,10.143],[-27.296,-10.143],[0,6.018]],"c":true},"ix":2},"nm":"Path 1","mn":"ADBE Vector Shape - Group","hd":false},{"ty":"fl","c":{"a":0,"k":[0.760799991383,0.094099994734,0.356899994495,1],"ix":4},"o":{"a":0,"k":100,"ix":5},"r":1,"bm":0,"nm":"Fill 1","mn":"ADBE Vector Graphic - Fill","hd":false},{"ty":"tr","p":{"a":0,"k":[81.892,68.567],"ix":2},"a":{"a":0,"k":[0,0],"ix":1},"s":{"a":0,"k":[100,100],"ix":3},"r":{"a":0,"k":0,"ix":6},"o":{"a":0,"k":100,"ix":7},"sk":{"a":0,"k":0,"ix":4},"sa":{"a":0,"k":0,"ix":5},"nm":"Transform"}],"nm":"Group 1","np":2,"cix":2,"bm":0,"ix":1,"mn":"ADBE Vector Group","hd":false},{"ty":"gr","it":[{"ind":0,"ty":"sh","ix":1,"ks":{"a":0,"k":{"i":[[-15.74,0],[0,-15.74],[15.74,0],[0,15.74]],"o":[[15.74,0],[0,15.74],[-15.74,0],[0,-15.74]],"v":[[0,-28.5],[28.5,0],[0,28.5],[-28.5,0]],"c":true},"ix":2},"nm":"Path 1","mn":"ADBE Vector Shape - Group","hd":false},{"ty":"fl","c":{"a":0,"k":[0.913699999043,0.117600003411,0.388200019388,1],"ix":4},"o":{"a":0,"k":100,"ix":5},"r":1,"bm":0,"nm":"Fill 1","mn":"ADBE Vector Graphic - Fill","hd":false},{"ty":"tr","p":{"a":0,"k":[81.892,50.21],"ix":2},"a":{"a":0,"k":[0,0],"ix":1},"s":{"a":0,"k":[100,100],"ix":3},"r":{"a":0,"k":0,"ix":6},"o":{"a":0,"k":100,"ix":7},"sk":{"a":0,"k":0,"ix":4},"sa":{"a":0,"k":0,"ix":5},"nm":"Transform"}],"nm":"Group 2","np":2,"cix":2,"bm":0,"ix":2,"mn":"ADBE Vector Group","hd":false},{"ty":"gr","it":[{"ind":0,"ty":"sh","ix":1,"ks":{"a":0,"k":{"i":[[-16.302,0],[0,0],[0,-16.3],[0,0],[16.302,0],[0,0],[0,16.302],[0,0]],"o":[[0,0],[16.302,0],[0,0],[0,16.302],[0,0],[-16.302,0],[0,0],[0,-16.302]],"v":[[0,-37.32],[0,-37.32],[29.64,-12.48],[29.64,7.68],[0,37.32],[0,37.32],[-29.64,7.68],[-29.64,-12.48]],"c":true},"ix":2},"nm":"Path 1","mn":"ADBE Vector Shape - Group","hd":false},{"ty":"fl","c":{"a":0,"k":[1,0.921599982767,0.933300003351,1],"ix":4},"o":{"a":0,"k":100,"ix":5},"r":1,"bm":0,"nm":"Fill 1","mn":"ADBE Vector Graphic - Fill","hd":false},{"ty":"tr","p":{"a":0,"k":[98.317,84.955],"ix":2},"a":{"a":0,"k":[0,0],"ix":1},"s":{"a":0,"k":[100,100],"ix":3},"r":{"a":0,"k":0,"ix":6},"o":{"a":0,"k":100,"ix":7},"sk":{"a":0,"k":0,"ix":4},"sa":{"a":0,"k":0,"ix":5},"nm":"Transform"}],"nm":"Group 3","np":2,"cix":2,"bm":0,"ix":3,"mn":"ADBE Vector Group","hd":false},{"ty":"gr","it":[{"ind":0,"ty":"sh","ix":1,"ks":{"a":0,"k":{"i":[[-6.917,28.277],[26.763,0],[0,26.924],[-0.136,1.483],[-25.332,0]],"o":[[-0.258,26.702],[-26.924,0],[0,-1.519],[2.278,24.816],[26.844,0]],"v":[[48.747,-21.643],[0.003,26.627],[-48.747,-22.123],[-48.538,-26.627],[0.003,17.627]],"c":true},"ix":2},"nm":"Path 1","mn":"ADBE Vector Shape - Group","hd":false},{"ty":"fl","c":{"a":0,"k":[0.760799991383,0.094099994734,0.356899994495,1],"ix":4},"o":{"a":0,"k":100,"ix":5},"r":1,"bm":0,"nm":"Fill 1","mn":"ADBE Vector Graphic - Fill","hd":false},{"ty":"tr","p":{"a":0,"k":[83.14,92.331],"ix":2},"a":{"a":0,"k":[0,0],"ix":1},"s":{"a":0,"k":[100,100],"ix":3},"r":{"a":0,"k":0,"ix":6},"o":{"a":0,"k":100,"ix":7},"sk":{"a":0,"k":0,"ix":4},"sa":{"a":0,"k":0,"ix":5},"nm":"Transform"}],"nm":"Group 4","np":2,"cix":2,"bm":0,"ix":4,"mn":"ADBE Vector Group","hd":false},{"ty":"gr","it":[{"ind":0,"ty":"sh","ix":1,"ks":{"a":0,"k":{"i":[[-26.924,0],[-5.052,-1.772],[-3.414,0],[0,-16.292],[4.147,-5.081],[26.763,0],[0,26.924]],"o":[[5.657,0],[3.05,-1.067],[16.292,0],[0,7.07],[-0.258,26.702],[-26.924,0],[0,-26.924]],"v":[[-3.315,-48.75],[12.823,-46.011],[22.565,-47.66],[52.065,-18.16],[45.429,0.48],[-3.315,48.75],[-52.065,0]],"c":true},"ix":2},"nm":"Path 1","mn":"ADBE Vector Shape - Group","hd":false},{"ty":"fl","c":{"a":0,"k":[0.913699999043,0.117600003411,0.388200019388,1],"ix":4},"o":{"a":0,"k":100,"ix":5},"r":1,"bm":0,"nm":"Fill 1","mn":"ADBE Vector Graphic - Fill","hd":false},{"ty":"tr","p":{"a":0,"k":[86.458,70.209],"ix":2},"a":{"a":0,"k":[0,0],"ix":1},"s":{"a":0,"k":[100,100],"ix":3},"r":{"a":0,"k":0,"ix":6},"o":{"a":0,"k":100,"ix":7},"sk":{"a":0,"k":0,"ix":4},"sa":{"a":0,"k":0,"ix":5},"nm":"Transform"}],"nm":"Group 5","np":2,"cix":2,"bm":0,"ix":5,"mn":"ADBE Vector Group","hd":false}],"ip":0,"op":120,"st":0,"bm":0},{"ddd":0,"ind":11,"ty":4,"nm":"static","sr":1,"ks":{"o":{"a":0,"k":100,"ix":11},"r":{"a":0,"k":0,"ix":10},"p":{"a":0,"k":[960,960,0],"ix":2,"l":2},"a":{"a":0,"k":[167,119.5,0],"ix":1,"l":2},"s":{"a":0,"k":[569.461,569.461,100],"ix":6,"l":2}},"ao":0,"shapes":[{"ty":"gr","it":[{"ind":0,"ty":"sh","ix":1,"ks":{"a":0,"k":{"i":[[-1.875,4.687],[-1.125,-6.563],[-0.188,-4.875],[0,0],[0,0],[-0.563,4.125],[0.909,6.167]],"o":[[-0.573,5.769],[1.125,6.563],[0.188,4.875],[0,0],[0,0],[0.563,-4.125],[-0.909,-6.167]],"v":[[-5.906,-23.371],[5.719,-6.684],[3.844,9.254],[7.781,23.129],[5.472,23.371],[1.781,8.316],[3.844,-6.121]],"c":true},"ix":2},"nm":"Path 1","mn":"ADBE Vector Shape - Group","hd":false},{"ty":"fl","c":{"a":0,"k":[0.097999999102,0.462700009813,0.823499971278,1],"ix":4},"o":{"a":0,"k":100,"ix":5},"r":1,"bm":0,"nm":"Fill 1","mn":"ADBE Vector Graphic - Fill","hd":false},{"ty":"tr","p":{"a":0,"k":[120.451,171.701],"ix":2},"a":{"a":0,"k":[0,0],"ix":1},"s":{"a":0,"k":[100,100],"ix":3},"r":{"a":0,"k":0,"ix":6},"o":{"a":0,"k":100,"ix":7},"sk":{"a":0,"k":0,"ix":4},"sa":{"a":0,"k":0,"ix":5},"nm":"Transform"}],"nm":"Group 1","np":2,"cix":2,"bm":0,"ix":1,"mn":"ADBE Vector Group","hd":false},{"ty":"gr","it":[{"ind":0,"ty":"sh","ix":1,"ks":{"a":0,"k":{"i":[[-10.749,4.191],[-0.971,-10.395],[-1.2,-12.844],[11.174,-0.432],[2.825,8.314],[-2.537,14.36]],"o":[[3.345,14.669],[1.2,12.844],[1.04,11.133],[-7.724,0.299],[-4.682,-13.775],[3.801,-21.516]],"v":[[9.667,-43.333],[15.707,-9.814],[18.59,21.051],[1.557,43.034],[-14.949,34.234],[-13.908,-9.437]],"c":true},"ix":2},"nm":"Path 1","mn":"ADBE Vector Shape - Group","hd":false},{"ty":"fl","c":{"a":0,"k":[0.129400006463,0.588199989468,0.952900007659,1],"ix":4},"o":{"a":0,"k":100,"ix":5},"r":1,"bm":0,"nm":"Fill 1","mn":"ADBE Vector Graphic - Fill","hd":false},{"ty":"tr","p":{"a":0,"k":[60.048,172.404],"ix":2},"a":{"a":0,"k":[0,0],"ix":1},"s":{"a":0,"k":[100,100],"ix":3},"r":{"a":0,"k":0,"ix":6},"o":{"a":0,"k":100,"ix":7},"sk":{"a":0,"k":0,"ix":4},"sa":{"a":0,"k":0,"ix":5},"nm":"Transform"}],"nm":"Group 5","np":2,"cix":2,"bm":0,"ix":2,"mn":"ADBE Vector Group","hd":false},{"ty":"gr","it":[{"ind":0,"ty":"sh","ix":1,"ks":{"a":0,"k":{"i":[[0,0],[0.14,3.555],[-0.679,-3.181]],"o":[[-4.474,0.012],[-0.796,3.105],[0,0]],"v":[[6.735,12.922],[-5.939,-14.011],[-3.415,14.011]],"c":true},"ix":2},"nm":"Path 1","mn":"ADBE Vector Shape - Group","hd":false},{"ty":"fl","c":{"a":0,"k":[0.097999999102,0.462700009813,0.823499971278,1],"ix":4},"o":{"a":0,"k":100,"ix":5},"r":1,"bm":0,"nm":"Fill 1","mn":"ADBE Vector Graphic - Fill","hd":false},{"ty":"tr","p":{"a":0,"k":[81.79,177.629],"ix":2},"a":{"a":0,"k":[0,0],"ix":1},"s":{"a":0,"k":[100,100],"ix":3},"r":{"a":0,"k":0,"ix":6},"o":{"a":0,"k":100,"ix":7},"sk":{"a":0,"k":0,"ix":4},"sa":{"a":0,"k":0,"ix":5},"nm":"Transform"}],"nm":"Group 6","np":2,"cix":2,"bm":0,"ix":3,"mn":"ADBE Vector Group","hd":false},{"ty":"gr","it":[{"ind":0,"ty":"sh","ix":1,"ks":{"a":0,"k":{"i":[[7.938,-0.736],[-28.313,0],[1.812,5.923],[15.344,11.311]],"o":[[28.313,0],[-1.812,-5.923],[-25.887,9.522],[1.156,6.445]],"v":[[-42.469,8.884],[42.469,8.884],[37.032,-8.884],[-28.781,-3.728]],"c":true},"ix":2},"nm":"Path 1","mn":"ADBE Vector Shape - Group","hd":false},{"ty":"fl","c":{"a":0,"k":[0.097999999102,0.462700009813,0.823499971278,1],"ix":4},"o":{"a":0,"k":100,"ix":5},"r":1,"bm":0,"nm":"Fill 1","mn":"ADBE Vector Graphic - Fill","hd":false},{"ty":"tr","p":{"a":0,"k":[146.136,208.777],"ix":2},"a":{"a":0,"k":[0,0],"ix":1},"s":{"a":0,"k":[100,100],"ix":3},"r":{"a":0,"k":0,"ix":6},"o":{"a":0,"k":100,"ix":7},"sk":{"a":0,"k":0,"ix":4},"sa":{"a":0,"k":0,"ix":5},"nm":"Transform"}],"nm":"Group 7","np":2,"cix":2,"bm":0,"ix":4,"mn":"ADBE Vector Group","hd":false},{"ty":"gr","it":[{"ind":0,"ty":"sh","ix":1,"ks":{"a":0,"k":{"i":[[1.677,2.301],[-8.476,-20.075],[8.276,-20.371],[30.95,0],[-6.38,15.915],[-7.201,2.801],[-2.369,0.329],[0,-2.436],[-7.016,0],[0,4.258]],"o":[[7.936,1.079],[8.476,20.075],[-38.423,0],[-30.95,0],[4.723,-11.781],[2.527,-0.983],[-1.428,2.257],[0,4.258],[7.016,0],[0,-2.501]],"v":[[6.11,-45.468],[36.631,-21.14],[41.397,45.468],[-18.723,45.468],[-43.004,-22.744],[-24.172,-43.122],[-16.32,-45.17],[-17.449,-37.525],[-4.746,-28.004],[7.957,-37.525]],"c":true},"ix":2},"nm":"Path 1","mn":"ADBE Vector Shape - Group","hd":false},{"ty":"st","c":{"a":0,"k":[0.129400006463,0.588199989468,0.952900007659,1],"ix":3},"o":{"a":0,"k":100,"ix":4},"w":{"a":0,"k":0.216,"ix":5},"lc":1,"lj":1,"ml":2.61,"bm":0,"nm":"Stroke 1","mn":"ADBE Vector Graphic - Stroke","hd":false},{"ty":"fl","c":{"a":0,"k":[0.129400006463,0.588199989468,0.952900007659,1],"ix":4},"o":{"a":0,"k":100,"ix":5},"r":1,"bm":0,"nm":"Fill 1","mn":"ADBE Vector Graphic - Fill","hd":false},{"ty":"tr","p":{"a":0,"k":[93.888,172.193],"ix":2},"a":{"a":0,"k":[0,0],"ix":1},"s":{"a":0,"k":[100,100],"ix":3},"r":{"a":0,"k":0,"ix":6},"o":{"a":0,"k":100,"ix":7},"sk":{"a":0,"k":0,"ix":4},"sa":{"a":0,"k":0,"ix":5},"nm":"Transform"}],"nm":"Group 8","np":3,"cix":2,"bm":0,"ix":5,"mn":"ADBE Vector Group","hd":false},{"ty":"gr","it":[{"ind":0,"ty":"sh","ix":1,"ks":{"a":0,"k":{"i":[[0,0],[0,-4.258],[7.016,0],[0,4.258],[-8.994,0.942],[0,0],[-2.544,0],[0,0],[0,2.544]],"o":[[7.588,0.66],[0,4.258],[-7.016,0],[0,-4.258],[0,0],[0,2.543],[0,0],[2.544,0],[0,0]],"v":[[5.083,-10.277],[13.161,0.756],[0.458,10.277],[-12.245,0.756],[-4.167,-10.277],[-4.167,-1.321],[0.458,2.414],[0.458,2.414],[5.083,-1.321]],"c":true},"ix":2},"nm":"Path 1","mn":"ADBE Vector Shape - Group","hd":false},{"ty":"st","c":{"a":0,"k":[0.097999999102,0.462700009813,0.823499971278,1],"ix":3},"o":{"a":0,"k":100,"ix":4},"w":{"a":0,"k":0.216,"ix":5},"lc":1,"lj":1,"ml":2.61,"bm":0,"nm":"Stroke 1","mn":"ADBE Vector Graphic - Stroke","hd":false},{"ty":"fl","c":{"a":0,"k":[0.097999999102,0.462700009813,0.823499971278,1],"ix":4},"o":{"a":0,"k":100,"ix":5},"r":1,"bm":0,"nm":"Fill 1","mn":"ADBE Vector Graphic - Fill","hd":false},{"ty":"tr","p":{"a":0,"k":[88.684,133.911],"ix":2},"a":{"a":0,"k":[0,0],"ix":1},"s":{"a":0,"k":[100,100],"ix":3},"r":{"a":0,"k":0,"ix":6},"o":{"a":0,"k":100,"ix":7},"sk":{"a":0,"k":0,"ix":4},"sa":{"a":0,"k":0,"ix":5},"nm":"Transform"}],"nm":"Group 9","np":3,"cix":2,"bm":0,"ix":6,"mn":"ADBE Vector Group","hd":false},{"ty":"gr","it":[{"ind":0,"ty":"sh","ix":1,"ks":{"a":0,"k":{"i":[[0,0],[0,0],[-0.044,-2.107],[-1.449,1.624]],"o":[[0,0],[0,0],[1.58,2.063],[-0.044,-2.371]],"v":[[4.719,-32.438],[-4.719,-32.175],[-4.544,-18.039],[4.632,-16.239]],"c":true},"ix":2},"nm":"Path 1","mn":"ADBE Vector Shape - Group","hd":false},{"ty":"fl","c":{"a":0,"k":[0,0,0,1],"ix":4},"o":{"a":0,"k":8,"ix":5},"r":1,"bm":0,"nm":"Fill 1","mn":"ADBE Vector Graphic - Fill","hd":false},{"ty":"tr","p":{"a":0,"k":[89.141,141.709],"ix":2},"a":{"a":0,"k":[0,0],"ix":1},"s":{"a":0,"k":[100,100],"ix":3},"r":{"a":0,"k":0,"ix":6},"o":{"a":0,"k":100,"ix":7},"sk":{"a":0,"k":0,"ix":4},"sa":{"a":0,"k":0,"ix":5},"nm":"Transform"}],"nm":"Group 10.1","np":2,"cix":2,"bm":0,"ix":7,"mn":"ADBE Vector Group","hd":false,"cl":"1"},{"ty":"gr","it":[{"ind":0,"ty":"sh","ix":1,"ks":{"a":0,"k":{"i":[[-3.976,14.312],[-6.458,0],[0,7.167],[-3.083,0],[0,-7.167],[-3.975,-14.312],[14,-3],[16,0]],"o":[[3.976,-14.312],[0,-7.167],[3.083,0],[0,7.167],[6.458,0],[3.975,14.312],[-16,0],[-14,-1.75]],"v":[[-25.543,2.417],[-4.625,-8.375],[-4.625,-29.875],[4.625,-29.875],[4.625,-8.375],[25.544,2.417],[7.75,29.875],[-7.75,29.875]],"c":true},"ix":2},"nm":"Path 1","mn":"ADBE Vector Shape - Group","hd":false},{"ty":"fl","c":{"a":0,"k":[1,0.921599982767,0.933300003351,1],"ix":4},"o":{"a":0,"k":100,"ix":5},"r":1,"bm":0,"nm":"Fill 1","mn":"ADBE Vector Graphic - Fill","hd":false},{"ty":"tr","p":{"a":0,"k":[89.141,141.709],"ix":2},"a":{"a":0,"k":[0,0],"ix":1},"s":{"a":0,"k":[100,100],"ix":3},"r":{"a":0,"k":0,"ix":6},"o":{"a":0,"k":100,"ix":7},"sk":{"a":0,"k":0,"ix":4},"sa":{"a":0,"k":0,"ix":5},"nm":"Transform"}],"nm":"Group 10","np":2,"cix":2,"bm":0,"ix":8,"mn":"ADBE Vector Group","hd":false},{"ty":"gr","it":[{"ind":0,"ty":"sh","ix":1,"ks":{"a":0,"k":{"i":[[-2.848,0],[-0.615,-0.315],[0,-2.991],[0,0],[-1.344,2.684],[-0.7,-0.124],[2.57,0],[0,3.469]],"o":[[0.709,0],[-1.822,0.226],[0,0],[0,4.969],[0.577,-0.101],[-0.67,2.522],[-2.57,0],[0,-3.469]],"v":[[0.193,-6.281],[2.191,-5.792],[-2.292,-0.891],[-2.292,-0.891],[3.447,2.877],[4.964,2.795],[0.193,6.281],[-4.964,0]],"c":true},"ix":2},"nm":"Path 1","mn":"ADBE Vector Shape - Group","hd":false},{"ty":"fl","c":{"a":0,"k":[0.611800010532,0.1528999927,0.690199967927,1],"ix":4},"o":{"a":0,"k":100,"ix":5},"r":1,"bm":0,"nm":"Fill 1","mn":"ADBE Vector Graphic - Fill","hd":false},{"ty":"tr","p":{"a":0,"k":[183.952,193.006],"ix":2},"a":{"a":0,"k":[0,0],"ix":1},"s":{"a":0,"k":[100,100],"ix":3},"r":{"a":0,"k":0,"ix":6},"o":{"a":0,"k":100,"ix":7},"sk":{"a":0,"k":0,"ix":4},"sa":{"a":0,"k":0,"ix":5},"nm":"Transform"}],"nm":"Group 11","np":2,"cix":2,"bm":0,"ix":9,"mn":"ADBE Vector Group","hd":false},{"ty":"gr","it":[{"ind":0,"ty":"sh","ix":1,"ks":{"a":0,"k":{"i":[[0.303,2.886],[-1.779,-0.973],[-0.89,-0.615],[1.137,-0.826],[1.805,1.164],[0.011,-0.166],[1.317,0.272],[1.569,1.342],[0.742,0.503],[-0.151,0.662],[2.453,0.824],[2.398,-0.23]],"o":[[7.422,1.31],[0.328,0.179],[0.806,0.556],[-0.626,0.455],[-0.858,-0.553],[-0.09,1.363],[-1.317,-0.272],[-1.579,-0.863],[-0.742,-0.503],[-2.566,-0.24],[-2.453,-0.824],[-0.303,-2.886]],"v":[[-16.987,-9.835],[5.278,-5.905],[12.205,-2.233],[15.85,4.167],[11.278,0.734],[9.181,0.865],[6.122,9.563],[4.228,4.624],[-2.015,5.847],[-1.744,3.636],[-9.772,1.977],[-16.077,-1.177]],"c":true},"ix":2},"nm":"Path 1","mn":"ADBE Vector Shape - Group","hd":false},{"ty":"fl","c":{"a":0,"k":[1,0.921599982767,0.933300003351,1],"ix":4},"o":{"a":0,"k":100,"ix":5},"r":1,"bm":0,"nm":"Fill 1","mn":"ADBE Vector Graphic - Fill","hd":false},{"ty":"tr","p":{"a":0,"k":[204.14,196.943],"ix":2},"a":{"a":0,"k":[0,0],"ix":1},"s":{"a":0,"k":[100,100],"ix":3},"r":{"a":0,"k":0,"ix":6},"o":{"a":0,"k":100,"ix":7},"sk":{"a":0,"k":0,"ix":4},"sa":{"a":0,"k":0,"ix":5},"nm":"Transform"}],"nm":"Group 12","np":2,"cix":2,"bm":0,"ix":10,"mn":"ADBE Vector Group","hd":false},{"ty":"gr","it":[{"ind":0,"ty":"sh","ix":1,"ks":{"a":0,"k":{"i":[[-2.744,0.288],[0,0],[-0.288,-2.743],[0,0],[2.717,-0.475],[0,0],[0,2.758],[0,0]],"o":[[0,0],[2.744,-0.288],[0,0],[0,2.758],[0,0],[-2.717,0.475],[0,0],[-0.288,-2.744]],"v":[[-9.983,-4.073],[9.223,-6.091],[14.736,-1.627],[14.736,-1.626],[10.133,2.568],[-8.935,5.904],[-14.447,1.44],[-14.447,1.439]],"c":true},"ix":2},"nm":"Path 1","mn":"ADBE Vector Shape - Group","hd":false},{"ty":"fl","c":{"a":0,"k":[1,0.921599982767,0.933300003351,1],"ix":4},"o":{"a":0,"k":100,"ix":5},"r":1,"bm":0,"nm":"Fill 1","mn":"ADBE Vector Graphic - Fill","hd":false},{"ty":"tr","p":{"a":0,"k":[177.929,193.198],"ix":2},"a":{"a":0,"k":[0,0],"ix":1},"s":{"a":0,"k":[100,100],"ix":3},"r":{"a":0,"k":0,"ix":6},"o":{"a":0,"k":100,"ix":7},"sk":{"a":0,"k":0,"ix":4},"sa":{"a":0,"k":0,"ix":5},"nm":"Transform"}],"nm":"Group 13","np":2,"cix":2,"bm":0,"ix":11,"mn":"ADBE Vector Group","hd":false},{"ty":"gr","it":[{"ind":0,"ty":"sh","ix":1,"ks":{"a":0,"k":{"i":[[-10.121,0],[0,0],[0,10.72],[10.588,-1.67],[0,0],[0.302,-12.64]],"o":[[0,0],[10.72,0],[0,-10.719],[0,0],[-5.888,0.929],[-0.359,15.038]],"v":[[-3.768,18.426],[16.502,18.426],[35.992,-1.064],[16.127,-18.678],[-12.393,-14.178],[-35.633,5.311]],"c":true},"ix":2},"nm":"Path 1","mn":"ADBE Vector Shape - Group","hd":false},{"ty":"fl","c":{"a":0,"k":[0.129400006463,0.588199989468,0.952900007659,1],"ix":4},"o":{"a":0,"k":100,"ix":5},"r":1,"bm":0,"nm":"Fill 1","mn":"ADBE Vector Graphic - Fill","hd":false},{"ty":"tr","p":{"a":0,"k":[145.127,199.235],"ix":2},"a":{"a":0,"k":[0,0],"ix":1},"s":{"a":0,"k":[100,100],"ix":3},"r":{"a":0,"k":0,"ix":6},"o":{"a":0,"k":100,"ix":7},"sk":{"a":0,"k":0,"ix":4},"sa":{"a":0,"k":0,"ix":5},"nm":"Transform"}],"nm":"Group 14","np":2,"cix":2,"bm":0,"ix":12,"mn":"ADBE Vector Group","hd":false},{"ty":"gr","it":[{"ind":0,"ty":"sh","ix":1,"ks":{"a":0,"k":{"i":[[2.563,0],[0,0],[0.09,2.562],[0,0],[-2.563,0],[0,0],[-0.088,-2.72],[0,0],[-2.722,0],[0,0],[-0.088,2.721],[0,0],[2.722,0],[0.254,0],[0.09,-2.561],[0,0]],"o":[[0,0],[-2.563,0],[0,0],[-0.09,-2.562],[0,0],[-2.722,0],[0,0],[0.088,2.72],[0,0],[2.722,0],[0,0],[0.088,-2.721],[-0.254,0],[2.64,0.363],[0,0],[-0.09,2.561]],"v":[[9.364,18.426],[-9.364,18.426],[-16.273,2.884],[-16.949,-16.214],[-12.289,-20.874],[-13.05,-20.874],[-18,-15.924],[-17.323,5.042],[-10.125,20.874],[10.125,20.874],[17.323,5.042],[18,-15.924],[13.05,-20.874],[12.289,-20.874],[16.949,-16.214],[16.273,2.884]],"c":true},"ix":2},"nm":"Path 1","mn":"ADBE Vector Shape - Group","hd":false},{"ty":"fl","c":{"a":0,"k":[0.984300022499,0.752900007659,0.176499998803,1],"ix":4},"o":{"a":0,"k":100,"ix":5},"r":1,"bm":0,"nm":"Fill 1","mn":"ADBE Vector Graphic - Fill","hd":false},{"ty":"tr","p":{"a":0,"k":[274.126,196.787],"ix":2},"a":{"a":0,"k":[0,0],"ix":1},"s":{"a":0,"k":[100,100],"ix":3},"r":{"a":0,"k":0,"ix":6},"o":{"a":0,"k":100,"ix":7},"sk":{"a":0,"k":0,"ix":4},"sa":{"a":0,"k":0,"ix":5},"nm":"Transform"}],"nm":"Group 15","np":2,"cix":2,"bm":0,"ix":13,"mn":"ADBE Vector Group","hd":false},{"ty":"gr","it":[{"ind":0,"ty":"sh","ix":1,"ks":{"a":0,"k":{"i":[[2.722,0],[0,0],[0.184,2.716],[0,0],[-2.722,0],[0,0],[0.184,-2.716],[0,0]],"o":[[0,0],[-2.722,0],[0,0],[-0.184,-2.716],[0,0],[2.722,0],[0,0],[-0.184,2.716]],"v":[[9.3,20.874],[-9.3,20.874],[-16.575,5.124],[-18,-15.924],[-13.05,-20.874],[13.05,-20.874],[18,-15.924],[16.575,5.124]],"c":true},"ix":2},"nm":"Path 1","mn":"ADBE Vector Shape - Group","hd":false},{"ty":"fl","c":{"a":0,"k":[1,0.921599982767,0.23139999988,1],"ix":4},"o":{"a":0,"k":100,"ix":5},"r":1,"bm":0,"nm":"Fill 1","mn":"ADBE Vector Graphic - Fill","hd":false},{"ty":"tr","p":{"a":0,"k":[274.126,196.787],"ix":2},"a":{"a":0,"k":[0,0],"ix":1},"s":{"a":0,"k":[100,100],"ix":3},"r":{"a":0,"k":0,"ix":6},"o":{"a":0,"k":100,"ix":7},"sk":{"a":0,"k":0,"ix":4},"sa":{"a":0,"k":0,"ix":5},"nm":"Transform"}],"nm":"Group 16","np":2,"cix":2,"bm":0,"ix":14,"mn":"ADBE Vector Group","hd":false},{"ty":"gr","it":[{"ind":0,"ty":"sh","ix":1,"ks":{"a":0,"k":{"i":[[0,0],[0,0],[0,2.103],[0,0],[2.103,0],[0,0]],"o":[[0,0],[2.103,0],[0,0],[0,2.103],[0,0],[0,0]],"v":[[-4.631,1.124],[0.807,1.124],[4.631,-2.7],[4.631,-1.124],[0.807,2.7],[-4.631,2.7]],"c":true},"ix":2},"nm":"Path 1","mn":"ADBE Vector Shape - Group","hd":false},{"ty":"fl","c":{"a":0,"k":[0.984300022499,0.752900007659,0.176499998803,1],"ix":4},"o":{"a":0,"k":100,"ix":5},"r":1,"bm":0,"nm":"Fill 1","mn":"ADBE Vector Graphic - Fill","hd":false},{"ty":"tr","p":{"a":0,"k":[295.368,202.41],"ix":2},"a":{"a":0,"k":[0,0],"ix":1},"s":{"a":0,"k":[100,100],"ix":3},"r":{"a":0,"k":0,"ix":6},"o":{"a":0,"k":100,"ix":7},"sk":{"a":0,"k":0,"ix":4},"sa":{"a":0,"k":0,"ix":5},"nm":"Transform"}],"nm":"Group 17","np":2,"cix":2,"bm":0,"ix":15,"mn":"ADBE Vector Group","hd":false},{"ty":"gr","it":[{"ind":0,"ty":"sh","ix":1,"ks":{"a":0,"k":{"i":[[0,0],[0,0],[0,-2.103],[0,0],[2.103,0],[0,0]],"o":[[0,0],[2.103,0],[0,0],[0,-2.103],[0,0],[0,0]],"v":[[-4.631,-1.124],[0.807,-1.124],[4.631,2.7],[4.631,1.124],[0.807,-2.7],[-4.631,-2.7]],"c":true},"ix":2},"nm":"Path 1","mn":"ADBE Vector Shape - Group","hd":false},{"ty":"fl","c":{"a":0,"k":[0.984300022499,0.752900007659,0.176499998803,1],"ix":4},"o":{"a":0,"k":100,"ix":5},"r":1,"bm":0,"nm":"Fill 1","mn":"ADBE Vector Graphic - Fill","hd":false},{"ty":"tr","p":{"a":0,"k":[295.368,191.138],"ix":2},"a":{"a":0,"k":[0,0],"ix":1},"s":{"a":0,"k":[100,100],"ix":3},"r":{"a":0,"k":0,"ix":6},"o":{"a":0,"k":100,"ix":7},"sk":{"a":0,"k":0,"ix":4},"sa":{"a":0,"k":0,"ix":5},"nm":"Transform"}],"nm":"Group 18","np":2,"cix":2,"bm":0,"ix":16,"mn":"ADBE Vector Group","hd":false},{"ty":"gr","it":[{"ind":0,"ty":"sh","ix":1,"ks":{"a":0,"k":{"i":[[0,0],[0,0],[0,5.61],[0,0],[5.61,0],[0,0]],"o":[[0,0],[5.61,0],[0,0],[0,5.61],[0,0],[0,0]],"v":[[-8.798,5.888],[-1.402,5.888],[8.798,-4.312],[8.798,-5.888],[-1.402,4.313],[-8.798,4.313]],"c":true},"ix":2},"nm":"Path 1","mn":"ADBE Vector Shape - Group","hd":false},{"ty":"fl","c":{"a":0,"k":[0.984300022499,0.752900007659,0.176499998803,1],"ix":4},"o":{"a":0,"k":100,"ix":5},"r":1,"bm":0,"nm":"Fill 1","mn":"ADBE Vector Graphic - Fill","hd":false},{"ty":"tr","p":{"a":0,"k":[297.127,204.123],"ix":2},"a":{"a":0,"k":[0,0],"ix":1},"s":{"a":0,"k":[100,100],"ix":3},"r":{"a":0,"k":0,"ix":6},"o":{"a":0,"k":100,"ix":7},"sk":{"a":0,"k":0,"ix":4},"sa":{"a":0,"k":0,"ix":5},"nm":"Transform"}],"nm":"Group 19","np":2,"cix":2,"bm":0,"ix":17,"mn":"ADBE Vector Group","hd":false},{"ty":"gr","it":[{"ind":0,"ty":"sh","ix":1,"ks":{"a":0,"k":{"i":[[0,0],[0,0],[0,-5.61],[0,0],[5.61,0],[0,0],[0,0],[0,0],[0,2.103],[0,0],[2.103,0],[0,0]],"o":[[0,0],[5.61,0],[0,0],[0,5.61],[0,0],[0,0],[0,0],[2.103,0],[0,0],[0,-2.103],[0,0],[0,0]],"v":[[-4.275,-13.224],[-0.376,-13.224],[9.825,-3.023],[9.825,3.023],[-0.376,13.224],[-9.825,13.224],[-9.825,6.774],[0.075,6.774],[3.898,2.95],[3.898,-2.95],[0.075,-6.774],[-4.275,-6.774]],"c":true},"ix":2},"nm":"Path 1","mn":"ADBE Vector Shape - Group","hd":false},{"ty":"fl","c":{"a":0,"k":[1,0.921599982767,0.23139999988,1],"ix":4},"o":{"a":0,"k":100,"ix":5},"r":1,"bm":0,"nm":"Fill 1","mn":"ADBE Vector Graphic - Fill","hd":false},{"ty":"tr","p":{"a":0,"k":[296.101,196.787],"ix":2},"a":{"a":0,"k":[0,0],"ix":1},"s":{"a":0,"k":[100,100],"ix":3},"r":{"a":0,"k":0,"ix":6},"o":{"a":0,"k":100,"ix":7},"sk":{"a":0,"k":0,"ix":4},"sa":{"a":0,"k":0,"ix":5},"nm":"Transform"}],"nm":"Group 20","np":2,"cix":2,"bm":0,"ix":18,"mn":"ADBE Vector Group","hd":false}],"ip":0,"op":120,"st":0,"bm":0},{"ddd":0,"ind":12,"ty":0,"nm":"smoke","refId":"comp_0","sr":1,"ks":{"o":{"a":0,"k":100,"ix":11},"r":{"a":0,"k":0,"ix":10},"p":{"a":0,"k":[960,960,0],"ix":2,"l":2},"a":{"a":0,"k":[960,960,0],"ix":1,"l":2},"s":{"a":0,"k":[100,100,100],"ix":6,"l":2}},"ao":0,"w":1920,"h":1920,"ip":-30,"op":30,"st":-30,"bm":0},{"ddd":0,"ind":13,"ty":0,"nm":"smoke","refId":"comp_0","sr":1,"ks":{"o":{"a":0,"k":100,"ix":11},"r":{"a":0,"k":0,"ix":10},"p":{"a":0,"k":[960,960,0],"ix":2,"l":2},"a":{"a":0,"k":[960,960,0],"ix":1,"l":2},"s":{"a":0,"k":[100,100,100],"ix":6,"l":2}},"ao":0,"w":1920,"h":1920,"ip":0,"op":60,"st":0,"bm":0},{"ddd":0,"ind":14,"ty":0,"nm":"smoke","refId":"comp_0","sr":1,"ks":{"o":{"a":0,"k":100,"ix":11},"r":{"a":0,"k":0,"ix":10},"p":{"a":0,"k":[960,960,0],"ix":2,"l":2},"a":{"a":0,"k":[960,960,0],"ix":1,"l":2},"s":{"a":0,"k":[100,100,100],"ix":6,"l":2}},"ao":0,"w":1920,"h":1920,"ip":30,"op":90,"st":30,"bm":0},{"ddd":0,"ind":15,"ty":0,"nm":"smoke","refId":"comp_0","sr":1,"ks":{"o":{"a":0,"k":100,"ix":11},"r":{"a":0,"k":0,"ix":10},"p":{"a":0,"k":[960,960,0],"ix":2,"l":2},"a":{"a":0,"k":[960,960,0],"ix":1,"l":2},"s":{"a":0,"k":[100,100,100],"ix":6,"l":2}},"ao":0,"w":1920,"h":1920,"ip":60,"op":120,"st":60,"bm":0},{"ddd":0,"ind":16,"ty":0,"nm":"smoke","refId":"comp_0","sr":1,"ks":{"o":{"a":0,"k":100,"ix":11},"r":{"a":0,"k":0,"ix":10},"p":{"a":0,"k":[960,960,0],"ix":2,"l":2},"a":{"a":0,"k":[960,960,0],"ix":1,"l":2},"s":{"a":0,"k":[100,100,100],"ix":6,"l":2}},"ao":0,"w":1920,"h":1920,"ip":90,"op":150,"st":90,"bm":0}],"markers":[]}